{
  "episode_rewards": {
    "0": [],
    "1": [],
    "2": []
  },
  "success_rates": {
    "0": [],
    "1": [],
    "2": []
  },
  "episode_lengths": {
    "0": [],
    "1": [],
    "2": []
  },
  "loss_history": [
    335608.4375,
    183148.84375,
    342107.3125,
    280277.75,
    172271.03125,
    360472.0625,
    253425.734375,
    200008.390625,
    174239.796875,
    286606.75,
    214190.5625,
    209100.921875,
    220429.3125,
    185778.921875,
    176927.171875,
    261502.4375,
    197382.375,
    211871.0,
    116089.859375,
    287886.09375,
    249665.0,
    207795.890625,
    144569.859375,
    193695.765625,
    187479.171875,
    198342.15625,
    208376.53125,
    152716.0,
    157458.453125,
    141600.515625,
    122636.0625,
    149275.890625,
    168872.0,
    139165.5,
    129960.03125,
    123603.0703125,
    140236.6875,
    149291.203125,
    285091.0625,
    277191.15625,
    222952.40625,
    152119.109375,
    141860.625,
    198084.375,
    108045.6796875,
    180697.484375,
    263173.78125,
    207714.265625,
    193474.015625,
    206411.375,
    202567.25,
    147659.203125,
    182617.03125,
    99488.71875,
    188782.1875,
    175300.375,
    189965.140625,
    299243.875,
    227321.21875,
    118808.984375,
    186707.59375,
    226467.0625,
    172834.59375,
    178143.203125,
    181170.734375,
    216537.296875,
    211364.4375,
    159965.578125,
    181705.640625
  ],
  "epsilon_history": [],
  "q_value_stats": [],
  "gaze_trajectories": [],
  "action_distributions": {
    "0": 1,
    "1": 4,
    "2": 0,
    "3": 2,
    "4": 0,
    "5": 1,
    "6": 0,
    "7": 0,
    "8": 0,
    "9": 0,
    "10": 0,
    "11": 1,
    "12": 2,
    "13": 0,
    "14": 0,
    "15": 0,
    "16": 0,
    "17": 2,
    "18": 1,
    "19": 0,
    "20": 20,
    "21": 3,
    "22": 1,
    "23": 3,
    "24": 0,
    "25": 0,
    "26": 0,
    "27": 0,
    "28": 0,
    "29": 0,
    "30": 1,
    "31": 1,
    "32": 0,
    "33": 0,
    "34": 2,
    "35": 0,
    "36": 0,
    "37": 0,
    "38": 0,
    "39": 1,
    "40": 0,
    "41": 15,
    "42": 0,
    "43": 0,
    "44": 0,
    "45": 0,
    "46": 0,
    "47": 0,
    "48": 0,
    "49": 1,
    "50": 0,
    "51": 0,
    "52": 2,
    "53": 0,
    "54": 0,
    "55": 3,
    "56": 0,
    "57": 0,
    "58": 0,
    "59": 4,
    "60": 3,
    "61": 0,
    "62": 0,
    "63": 10,
    "64": 1,
    "65": 0,
    "66": 0,
    "67": 1,
    "68": 1,
    "69": 0,
    "70": 0,
    "71": 3,
    "72": 0,
    "73": 0,
    "74": 0,
    "75": 0,
    "76": 1,
    "77": 0,
    "78": 9,
    "79": 0,
    "80": 0
  },
  "training_config": {
    "learning_rate": 0.001,
    "discount_factor": 0.95,
    "epsilon": 1.0,
    "epsilon_decay": 0.995,
    "epsilon_min": 0.1,
    "memory_size": 10000,
    "batch_size": 32,
    "target_update_freq": 100,
    "network_hidden_sizes": [
      128,
      128,
      64
    ],
    "max_episode_steps": 50,
    "camera_id": 2,
    "goal_names": [
      "Low",
      "Medium",
      "High"
    ],
    "gaze_ranges": {
      "0": [
        0,
        33
      ],
      "1": [
        34,
        66
      ],
      "2": [
        67,
        100
      ]
    }
  },
  "timestamps": []
}