{
  "episode_rewards": {
    "0": [],
    "1": [],
    "2": []
  },
  "success_rates": {
    "0": [],
    "1": [],
    "2": []
  },
  "episode_lengths": {
    "0": [],
    "1": [],
    "2": []
  },
  "loss_history": [
    496.2943115234375,
    510.0340881347656,
    492.605712890625,
    503.5367126464844,
    498.6441955566406,
    447.4669494628906,
    408.63128662109375,
    476.61029052734375,
    466.7333068847656,
    452.07489013671875,
    436.506103515625,
    474.8205261230469,
    526.4542846679688,
    366.23828125,
    314.0047912597656,
    523.7294311523438,
    386.6816101074219,
    260.51025390625,
    566.1397094726562,
    433.8268127441406,
    528.0671997070312,
    375.60943603515625,
    468.3053894042969,
    415.9101257324219,
    454.1865539550781,
    334.511474609375,
    364.9369201660156,
    417.2412414550781,
    447.4291076660156,
    597.8760986328125,
    356.3388366699219,
    360.0816955566406,
    306.5733337402344,
    307.2037048339844,
    492.1950378417969,
    424.6725769042969,
    448.7590026855469,
    303.8320007324219,
    473.68951416015625,
    408.1829833984375,
    475.9439697265625,
    395.8707275390625,
    499.8707275390625,
    424.5131530761719,
    339.94012451171875,
    417.5111999511719,
    366.43084716796875,
    281.52923583984375,
    282.2734680175781,
    311.3348693847656,
    420.1104431152344,
    237.84121704101562,
    531.0213012695312,
    273.17169189453125,
    549.9140014648438,
    291.89984130859375,
    225.88629150390625,
    513.5882568359375,
    397.1022033691406,
    250.32217407226562,
    318.906982421875
  ],
  "epsilon_history": [],
  "q_value_stats": [],
  "gaze_trajectories": [],
  "action_distributions": {
    "0": 1,
    "1": 1,
    "2": 0,
    "3": 0,
    "4": 1,
    "5": 1,
    "6": 0,
    "7": 0,
    "8": 1,
    "9": 2,
    "10": 3,
    "11": 3,
    "12": 0,
    "13": 1,
    "14": 2,
    "15": 1,
    "16": 1,
    "17": 1,
    "18": 2,
    "19": 2,
    "20": 1,
    "21": 1,
    "22": 1,
    "23": 1,
    "24": 0,
    "25": 1,
    "26": 1,
    "27": 0,
    "28": 0,
    "29": 1,
    "30": 3,
    "31": 0,
    "32": 2,
    "33": 2,
    "34": 0,
    "35": 0,
    "36": 3,
    "37": 0,
    "38": 3,
    "39": 1,
    "40": 1,
    "41": 1,
    "42": 1,
    "43": 0,
    "44": 0,
    "45": 0,
    "46": 1,
    "47": 0,
    "48": 1,
    "49": 1,
    "50": 0,
    "51": 4,
    "52": 3,
    "53": 3,
    "54": 8,
    "55": 2,
    "56": 3,
    "57": 1,
    "58": 1,
    "59": 4,
    "60": 0,
    "61": 1,
    "62": 0,
    "63": 0,
    "64": 2,
    "65": 2,
    "66": 1,
    "67": 1,
    "68": 1,
    "69": 0,
    "70": 0,
    "71": 0,
    "72": 0,
    "73": 0,
    "74": 1,
    "75": 1,
    "76": 1,
    "77": 0,
    "78": 1,
    "79": 1,
    "80": 0
  },
  "training_config": {
    "learning_rate": 0.001,
    "discount_factor": 0.95,
    "epsilon": 1.0,
    "epsilon_decay": 0.995,
    "epsilon_min": 0.1,
    "memory_size": 10000,
    "batch_size": 32,
    "target_update_freq": 100,
    "network_hidden_sizes": [
      128,
      128,
      64
    ],
    "max_episode_steps": 50,
    "camera_id": 2,
    "goal_names": [
      "Low",
      "Medium",
      "High"
    ],
    "gaze_ranges": {
      "0": [
        0,
        33
      ],
      "1": [
        34,
        66
      ],
      "2": [
        67,
        100
      ]
    }
  },
  "timestamps": []
}