{
  "episode_rewards": {
    "0": [],
    "1": [],
    "2": []
  },
  "success_rates": {
    "0": [],
    "1": [],
    "2": []
  },
  "episode_lengths": {
    "0": [],
    "1": [],
    "2": []
  },
  "loss_history": [
    86736.3828125,
    125552.109375,
    224578.96875,
    223413.96875,
    174740.5625,
    268373.875,
    190799.1875,
    174873.40625,
    180150.5,
    173984.25,
    216632.234375,
    149074.015625,
    143125.328125,
    255516.609375,
    108874.1796875,
    178486.90625,
    202023.40625,
    148747.34375,
    183761.171875
  ],
  "epsilon_history": [],
  "q_value_stats": [],
  "gaze_trajectories": [],
  "action_distributions": {
    "0": 1,
    "1": 7,
    "2": 0,
    "3": 0,
    "4": 0,
    "5": 1,
    "6": 0,
    "7": 0,
    "8": 0,
    "9": 0,
    "10": 0,
    "11": 1,
    "12": 3,
    "13": 0,
    "14": 0,
    "15": 0,
    "16": 0,
    "17": 1,
    "18": 0,
    "19": 1,
    "20": 3,
    "21": 0,
    "22": 17,
    "23": 2,
    "24": 0,
    "25": 0,
    "26": 0,
    "27": 0,
    "28": 0,
    "29": 0,
    "30": 0,
    "31": 2,
    "32": 0,
    "33": 1,
    "34": 0,
    "35": 1,
    "36": 0,
    "37": 0,
    "38": 0,
    "39": 0,
    "40": 1,
    "41": 0,
    "42": 0,
    "43": 0,
    "44": 0,
    "45": 0,
    "46": 0,
    "47": 0,
    "48": 0,
    "49": 0,
    "50": 0,
    "51": 0,
    "52": 0,
    "53": 0,
    "54": 0,
    "55": 0,
    "56": 0,
    "57": 0,
    "58": 0,
    "59": 2,
    "60": 0,
    "61": 0,
    "62": 0,
    "63": 4,
    "64": 0,
    "65": 0,
    "66": 1,
    "67": 0,
    "68": 1,
    "69": 0,
    "70": 0,
    "71": 0,
    "72": 0,
    "73": 0,
    "74": 0,
    "75": 0,
    "76": 0,
    "77": 0,
    "78": 0,
    "79": 0,
    "80": 0
  },
  "training_config": {
    "learning_rate": 0.001,
    "discount_factor": 0.95,
    "epsilon": 1.0,
    "epsilon_decay": 0.995,
    "epsilon_min": 0.1,
    "memory_size": 10000,
    "batch_size": 32,
    "target_update_freq": 100,
    "network_hidden_sizes": [
      128,
      128,
      64
    ],
    "max_episode_steps": 50,
    "camera_id": 2,
    "goal_names": [
      "Low",
      "Medium",
      "High"
    ],
    "gaze_ranges": {
      "0": [
        0,
        33
      ],
      "1": [
        34,
        66
      ],
      "2": [
        67,
        100
      ]
    }
  },
  "timestamps": []
}