{
  "episode_rewards": {
    "0": [],
    "1": [],
    "2": []
  },
  "success_rates": {
    "0": [],
    "1": [],
    "2": []
  },
  "episode_lengths": {
    "0": [],
    "1": [],
    "2": []
  },
  "loss_history": [
    86736.3828125,
    125552.109375,
    224578.96875,
    223413.96875,
    174740.5625,
    268373.875,
    190799.1875,
    174873.40625,
    180150.5,
    173984.25,
    216632.234375,
    149074.015625,
    143125.328125,
    255516.609375,
    108874.1796875,
    178486.90625,
    202023.40625,
    148747.34375,
    183761.171875,
    188079.71875,
    152355.296875,
    122355.703125,
    150226.0,
    139117.28125,
    121196.9296875,
    130183.375,
    153256.96875,
    111225.96875,
    137409.953125,
    161711.8125,
    147808.078125,
    196131.40625,
    215579.953125,
    278303.03125,
    141031.84375,
    119168.6484375,
    265725.96875,
    188226.140625,
    145042.5,
    203554.890625,
    139368.328125,
    257342.859375,
    191190.125,
    207273.09375,
    201580.390625,
    143068.21875,
    222616.671875,
    162156.46875,
    276325.28125,
    345805.125,
    388190.5,
    338629.9375,
    200376.5625,
    351845.1875,
    229331.890625,
    192173.953125,
    220186.5625,
    277933.53125,
    229345.75,
    222027.96875,
    280885.125,
    166686.125,
    267572.03125,
    237092.171875,
    211116.28125,
    189465.796875,
    222237.5,
    204165.15625,
    133677.03125
  ],
  "epsilon_history": [],
  "q_value_stats": [],
  "gaze_trajectories": [],
  "action_distributions": {
    "0": 2,
    "1": 16,
    "2": 0,
    "3": 0,
    "4": 0,
    "5": 1,
    "6": 0,
    "7": 0,
    "8": 0,
    "9": 0,
    "10": 0,
    "11": 2,
    "12": 6,
    "13": 0,
    "14": 0,
    "15": 0,
    "16": 0,
    "17": 11,
    "18": 0,
    "19": 1,
    "20": 4,
    "21": 1,
    "22": 20,
    "23": 3,
    "24": 1,
    "25": 0,
    "26": 0,
    "27": 0,
    "28": 0,
    "29": 0,
    "30": 0,
    "31": 2,
    "32": 0,
    "33": 4,
    "34": 1,
    "35": 2,
    "36": 0,
    "37": 1,
    "38": 0,
    "39": 0,
    "40": 3,
    "41": 1,
    "42": 0,
    "43": 0,
    "44": 0,
    "45": 0,
    "46": 0,
    "47": 0,
    "48": 0,
    "49": 1,
    "50": 0,
    "51": 0,
    "52": 0,
    "53": 0,
    "54": 0,
    "55": 0,
    "56": 0,
    "57": 0,
    "58": 0,
    "59": 4,
    "60": 0,
    "61": 0,
    "62": 0,
    "63": 5,
    "64": 0,
    "65": 0,
    "66": 4,
    "67": 1,
    "68": 2,
    "69": 0,
    "70": 0,
    "71": 0,
    "72": 0,
    "73": 0,
    "74": 0,
    "75": 0,
    "76": 1,
    "77": 0,
    "78": 0,
    "79": 0,
    "80": 0
  },
  "training_config": {
    "learning_rate": 0.001,
    "discount_factor": 0.95,
    "epsilon": 1.0,
    "epsilon_decay": 0.995,
    "epsilon_min": 0.1,
    "memory_size": 10000,
    "batch_size": 32,
    "target_update_freq": 100,
    "network_hidden_sizes": [
      128,
      128,
      64
    ],
    "max_episode_steps": 50,
    "camera_id": 2,
    "goal_names": [
      "Low",
      "Medium",
      "High"
    ],
    "gaze_ranges": {
      "0": [
        0,
        33
      ],
      "1": [
        34,
        66
      ],
      "2": [
        67,
        100
      ]
    }
  },
  "timestamps": []
}