{
  "episode_rewards": {
    "0": [],
    "1": [],
    "2": []
  },
  "success_rates": {
    "0": [],
    "1": [],
    "2": []
  },
  "episode_lengths": {
    "0": [],
    "1": [],
    "2": []
  },
  "loss_history": [
    1554617.5,
    1283325.0,
    1310317.5,
    1533104.125,
    787867.5625,
    490701.90625,
    1210041.375,
    1102031.125,
    926293.1875,
    676046.3125,
    563081.375,
    1191078.125,
    608075.375,
    805480.0625,
    582156.625,
    412929.3125,
    851658.5,
    802992.6875,
    413923.21875,
    535890.625,
    506901.3125,
    428735.46875,
    418686.0,
    462757.25,
    489781.34375,
    574476.375,
    649839.4375,
    402290.71875,
    287538.21875,
    462942.59375,
    350801.03125,
    296357.6875,
    304026.25,
    342694.09375,
    370283.375,
    353700.6875,
    348567.4375,
    295297.40625,
    413725.96875,
    259603.234375,
    433296.53125,
    321578.53125,
    267022.3125,
    315467.34375,
    493147.75,
    261133.328125,
    349658.78125,
    284168.21875,
    291760.9375,
    439155.8125,
    296193.34375,
    341987.9375,
    308599.5,
    199983.078125,
    378619.375,
    291369.3125,
    294328.25,
    290137.75,
    338092.46875,
    337421.875,
    461639.5625,
    380351.0625,
    379180.5,
    421523.375,
    374715.0625,
    320669.4375,
    430747.0625,
    164568.671875,
    312083.875
  ],
  "epsilon_history": [],
  "q_value_stats": [],
  "gaze_trajectories": [],
  "action_distributions": {
    "0": 0,
    "1": 0,
    "2": 0,
    "3": 0,
    "4": 3,
    "5": 0,
    "6": 0,
    "7": 0,
    "8": 0,
    "9": 6,
    "10": 1,
    "11": 7,
    "12": 2,
    "13": 0,
    "14": 1,
    "15": 1,
    "16": 0,
    "17": 0,
    "18": 9,
    "19": 0,
    "20": 0,
    "21": 0,
    "22": 2,
    "23": 3,
    "24": 0,
    "25": 0,
    "26": 0,
    "27": 1,
    "28": 0,
    "29": 4,
    "30": 0,
    "31": 3,
    "32": 0,
    "33": 2,
    "34": 0,
    "35": 0,
    "36": 1,
    "37": 2,
    "38": 0,
    "39": 0,
    "40": 0,
    "41": 11,
    "42": 0,
    "43": 1,
    "44": 1,
    "45": 0,
    "46": 0,
    "47": 0,
    "48": 0,
    "49": 1,
    "50": 0,
    "51": 0,
    "52": 2,
    "53": 5,
    "54": 0,
    "55": 4,
    "56": 0,
    "57": 3,
    "58": 0,
    "59": 11,
    "60": 0,
    "61": 0,
    "62": 1,
    "63": 0,
    "64": 0,
    "65": 0,
    "66": 0,
    "67": 0,
    "68": 5,
    "69": 0,
    "70": 0,
    "71": 1,
    "72": 0,
    "73": 2,
    "74": 0,
    "75": 0,
    "76": 1,
    "77": 1,
    "78": 2,
    "79": 0,
    "80": 0
  },
  "training_config": {
    "learning_rate": 0.001,
    "discount_factor": 0.95,
    "epsilon": 1.0,
    "epsilon_decay": 0.995,
    "epsilon_min": 0.1,
    "memory_size": 10000,
    "batch_size": 32,
    "target_update_freq": 100,
    "network_hidden_sizes": [
      128,
      128,
      64
    ],
    "max_episode_steps": 50,
    "camera_id": 2,
    "goal_names": [
      "Low",
      "Medium",
      "High"
    ],
    "gaze_ranges": {
      "0": [
        0,
        33
      ],
      "1": [
        34,
        66
      ],
      "2": [
        67,
        100
      ]
    }
  },
  "timestamps": []
}