{
  "episode_rewards": {
    "0": [],
    "1": [],
    "2": []
  },
  "success_rates": {
    "0": [],
    "1": [],
    "2": []
  },
  "episode_lengths": {
    "0": [],
    "1": [],
    "2": []
  },
  "loss_history": [
    496.2943115234375,
    510.0340881347656,
    492.605712890625,
    503.5367126464844,
    498.6441955566406,
    447.4669494628906,
    408.63128662109375,
    476.61029052734375,
    466.7333068847656,
    452.07489013671875,
    436.506103515625,
    474.8205261230469,
    526.4542846679688,
    366.23828125,
    314.0047912597656,
    523.7294311523438,
    386.6816101074219,
    260.51025390625
  ],
  "epsilon_history": [],
  "q_value_stats": [],
  "gaze_trajectories": [],
  "action_distributions": {
    "0": 1,
    "1": 1,
    "2": 0,
    "3": 0,
    "4": 1,
    "5": 1,
    "6": 0,
    "7": 0,
    "8": 0,
    "9": 2,
    "10": 2,
    "11": 0,
    "12": 0,
    "13": 1,
    "14": 2,
    "15": 1,
    "16": 1,
    "17": 0,
    "18": 2,
    "19": 1,
    "20": 0,
    "21": 1,
    "22": 0,
    "23": 1,
    "24": 0,
    "25": 1,
    "26": 0,
    "27": 0,
    "28": 0,
    "29": 0,
    "30": 2,
    "31": 0,
    "32": 1,
    "33": 2,
    "34": 0,
    "35": 0,
    "36": 2,
    "37": 0,
    "38": 1,
    "39": 0,
    "40": 0,
    "41": 0,
    "42": 0,
    "43": 0,
    "44": 0,
    "45": 0,
    "46": 1,
    "47": 0,
    "48": 1,
    "49": 1,
    "50": 0,
    "51": 3,
    "52": 2,
    "53": 1,
    "54": 1,
    "55": 2,
    "56": 2,
    "57": 0,
    "58": 0,
    "59": 2,
    "60": 0,
    "61": 0,
    "62": 0,
    "63": 0,
    "64": 0,
    "65": 0,
    "66": 1,
    "67": 0,
    "68": 1,
    "69": 0,
    "70": 0,
    "71": 0,
    "72": 0,
    "73": 0,
    "74": 1,
    "75": 0,
    "76": 1,
    "77": 0,
    "78": 1,
    "79": 1,
    "80": 0
  },
  "training_config": {
    "learning_rate": 0.001,
    "discount_factor": 0.95,
    "epsilon": 1.0,
    "epsilon_decay": 0.995,
    "epsilon_min": 0.1,
    "memory_size": 10000,
    "batch_size": 32,
    "target_update_freq": 100,
    "network_hidden_sizes": [
      128,
      128,
      64
    ],
    "max_episode_steps": 50,
    "camera_id": 2,
    "goal_names": [
      "Low",
      "Medium",
      "High"
    ],
    "gaze_ranges": {
      "0": [
        0,
        33
      ],
      "1": [
        34,
        66
      ],
      "2": [
        67,
        100
      ]
    }
  },
  "timestamps": []
}