{
  "episode_rewards": {
    "0": [],
    "1": [],
    "2": []
  },
  "success_rates": {
    "0": [],
    "1": [],
    "2": []
  },
  "episode_lengths": {
    "0": [],
    "1": [],
    "2": []
  },
  "loss_history": [
    243242.828125,
    244530.140625,
    443599.75,
    259985.609375,
    203423.71875,
    411468.5625,
    172961.734375,
    165096.96875,
    227956.21875,
    402082.5625,
    206245.734375,
    158092.046875,
    241703.78125,
    314682.5,
    157820.03125,
    145188.375,
    151421.609375,
    284348.3125,
    232886.375
  ],
  "epsilon_history": [],
  "q_value_stats": [],
  "gaze_trajectories": [],
  "action_distributions": {
    "0": 0,
    "1": 1,
    "2": 0,
    "3": 0,
    "4": 9,
    "5": 0,
    "6": 5,
    "7": 0,
    "8": 0,
    "9": 1,
    "10": 0,
    "11": 8,
    "12": 3,
    "13": 0,
    "14": 0,
    "15": 0,
    "16": 0,
    "17": 0,
    "18": 0,
    "19": 2,
    "20": 0,
    "21": 0,
    "22": 0,
    "23": 1,
    "24": 0,
    "25": 0,
    "26": 0,
    "27": 1,
    "28": 6,
    "29": 0,
    "30": 0,
    "31": 0,
    "32": 0,
    "33": 0,
    "34": 0,
    "35": 0,
    "36": 0,
    "37": 0,
    "38": 0,
    "39": 0,
    "40": 2,
    "41": 1,
    "42": 0,
    "43": 2,
    "44": 0,
    "45": 0,
    "46": 0,
    "47": 0,
    "48": 0,
    "49": 0,
    "50": 0,
    "51": 0,
    "52": 0,
    "53": 0,
    "54": 0,
    "55": 0,
    "56": 0,
    "57": 1,
    "58": 0,
    "59": 2,
    "60": 0,
    "61": 0,
    "62": 1,
    "63": 1,
    "64": 0,
    "65": 0,
    "66": 0,
    "67": 1,
    "68": 0,
    "69": 0,
    "70": 2,
    "71": 0,
    "72": 0,
    "73": 0,
    "74": 0,
    "75": 0,
    "76": 0,
    "77": 0,
    "78": 0,
    "79": 0,
    "80": 0
  },
  "training_config": {
    "learning_rate": 0.001,
    "discount_factor": 0.95,
    "epsilon": 1.0,
    "epsilon_decay": 0.995,
    "epsilon_min": 0.1,
    "memory_size": 10000,
    "batch_size": 32,
    "target_update_freq": 100,
    "network_hidden_sizes": [
      128,
      128,
      64
    ],
    "max_episode_steps": 50,
    "camera_id": 2,
    "goal_names": [
      "Low",
      "Medium",
      "High"
    ],
    "gaze_ranges": {
      "0": [
        0,
        33
      ],
      "1": [
        34,
        66
      ],
      "2": [
        67,
        100
      ]
    }
  },
  "timestamps": []
}