{
  "episode_rewards": {
    "0": [],
    "1": [],
    "2": []
  },
  "success_rates": {
    "0": [],
    "1": [],
    "2": []
  },
  "episode_lengths": {
    "0": [],
    "1": [],
    "2": []
  },
  "loss_history": [
    243242.828125,
    244530.140625,
    443599.75,
    259985.609375,
    203423.71875,
    411468.5625,
    172961.734375,
    165096.96875,
    227956.21875,
    402082.5625,
    206245.734375,
    158092.046875,
    241703.78125,
    314682.5,
    157820.03125,
    145188.375,
    151421.609375,
    284348.3125,
    232886.375,
    269626.65625,
    187962.03125,
    229425.78125,
    167738.09375,
    133020.546875,
    174452.71875,
    172109.296875,
    118468.5625,
    200693.046875,
    208455.0,
    151514.8125,
    237885.28125,
    160865.265625,
    160438.578125,
    158670.53125,
    261739.453125,
    173607.5,
    107957.5859375,
    150876.46875,
    160521.40625,
    173567.6875,
    155442.859375,
    301663.40625,
    152153.40625,
    173358.578125,
    91361.1875,
    186825.96875,
    129906.96875,
    119472.78125,
    85334.1875,
    125377.828125,
    105439.3359375,
    139966.265625,
    177543.515625,
    220612.03125,
    189375.3125,
    158116.59375,
    217908.328125,
    146444.15625,
    174096.125,
    353772.1875,
    288453.09375,
    200273.421875,
    129099.953125,
    106191.2265625,
    191225.3125,
    123042.15625,
    350760.5,
    159934.0,
    130866.4375
  ],
  "epsilon_history": [],
  "q_value_stats": [],
  "gaze_trajectories": [],
  "action_distributions": {
    "0": 0,
    "1": 9,
    "2": 0,
    "3": 0,
    "4": 9,
    "5": 0,
    "6": 5,
    "7": 0,
    "8": 0,
    "9": 1,
    "10": 1,
    "11": 9,
    "12": 4,
    "13": 0,
    "14": 0,
    "15": 4,
    "16": 0,
    "17": 0,
    "18": 0,
    "19": 7,
    "20": 1,
    "21": 0,
    "22": 6,
    "23": 2,
    "24": 1,
    "25": 0,
    "26": 0,
    "27": 1,
    "28": 7,
    "29": 0,
    "30": 0,
    "31": 1,
    "32": 1,
    "33": 0,
    "34": 1,
    "35": 0,
    "36": 1,
    "37": 1,
    "38": 0,
    "39": 0,
    "40": 5,
    "41": 1,
    "42": 0,
    "43": 2,
    "44": 0,
    "45": 0,
    "46": 0,
    "47": 0,
    "48": 0,
    "49": 0,
    "50": 0,
    "51": 1,
    "52": 0,
    "53": 1,
    "54": 0,
    "55": 0,
    "56": 0,
    "57": 1,
    "58": 0,
    "59": 4,
    "60": 0,
    "61": 0,
    "62": 1,
    "63": 4,
    "64": 0,
    "65": 0,
    "66": 0,
    "67": 3,
    "68": 1,
    "69": 0,
    "70": 2,
    "71": 0,
    "72": 0,
    "73": 0,
    "74": 0,
    "75": 0,
    "76": 0,
    "77": 1,
    "78": 0,
    "79": 1,
    "80": 0
  },
  "training_config": {
    "learning_rate": 0.001,
    "discount_factor": 0.95,
    "epsilon": 1.0,
    "epsilon_decay": 0.995,
    "epsilon_min": 0.1,
    "memory_size": 10000,
    "batch_size": 32,
    "target_update_freq": 100,
    "network_hidden_sizes": [
      128,
      128,
      64
    ],
    "max_episode_steps": 50,
    "camera_id": 2,
    "goal_names": [
      "Low",
      "Medium",
      "High"
    ],
    "gaze_ranges": {
      "0": [
        0,
        33
      ],
      "1": [
        34,
        66
      ],
      "2": [
        67,
        100
      ]
    }
  },
  "timestamps": []
}