{
  "episode_rewards": {
    "0": [],
    "1": [],
    "2": []
  },
  "success_rates": {
    "0": [],
    "1": [],
    "2": []
  },
  "episode_lengths": {
    "0": [],
    "1": [],
    "2": []
  },
  "loss_history": [
    106272.09375,
    109397.03125,
    82061.84375,
    84416.7265625,
    112680.3359375,
    105648.703125,
    105615.71875,
    95976.4765625,
    105311.0625,
    99547.3125,
    124225.296875,
    125243.6796875,
    115978.421875,
    99819.5546875,
    109499.90625,
    86748.9296875,
    95593.5625,
    112921.546875,
    105735.609375
  ],
  "epsilon_history": [],
  "q_value_stats": [],
  "gaze_trajectories": [],
  "action_distributions": {
    "0": 0,
    "1": 0,
    "2": 0,
    "3": 0,
    "4": 0,
    "5": 0,
    "6": 0,
    "7": 0,
    "8": 0,
    "9": 15,
    "10": 0,
    "11": 0,
    "12": 0,
    "13": 0,
    "14": 0,
    "15": 0,
    "16": 0,
    "17": 0,
    "18": 0,
    "19": 0,
    "20": 0,
    "21": 0,
    "22": 0,
    "23": 0,
    "24": 0,
    "25": 0,
    "26": 0,
    "27": 0,
    "28": 0,
    "29": 0,
    "30": 0,
    "31": 0,
    "32": 0,
    "33": 0,
    "34": 0,
    "35": 0,
    "36": 0,
    "37": 0,
    "38": 0,
    "39": 0,
    "40": 35,
    "41": 0,
    "42": 0,
    "43": 0,
    "44": 0,
    "45": 0,
    "46": 0,
    "47": 0,
    "48": 0,
    "49": 0,
    "50": 0,
    "51": 0,
    "52": 0,
    "53": 0,
    "54": 0,
    "55": 0,
    "56": 0,
    "57": 0,
    "58": 0,
    "59": 0,
    "60": 0,
    "61": 0,
    "62": 0,
    "63": 0,
    "64": 0,
    "65": 0,
    "66": 0,
    "67": 0,
    "68": 0,
    "69": 0,
    "70": 0,
    "71": 0,
    "72": 0,
    "73": 0,
    "74": 0,
    "75": 0,
    "76": 0,
    "77": 0,
    "78": 0,
    "79": 0,
    "80": 0
  },
  "training_config": {
    "learning_rate": 0.001,
    "discount_factor": 0.95,
    "epsilon": 1.0,
    "epsilon_decay": 0.995,
    "epsilon_min": 0.1,
    "memory_size": 10000,
    "batch_size": 32,
    "target_update_freq": 100,
    "network_hidden_sizes": [
      128,
      128,
      64
    ],
    "max_episode_steps": 50,
    "camera_id": 2,
    "goal_names": [
      "Low",
      "Medium",
      "High"
    ],
    "gaze_ranges": {
      "0": [
        0,
        33
      ],
      "1": [
        34,
        66
      ],
      "2": [
        67,
        100
      ]
    }
  },
  "timestamps": []
}