{
  "episode_rewards": {
    "0": [],
    "1": [],
    "2": []
  },
  "success_rates": {
    "0": [],
    "1": [],
    "2": []
  },
  "episode_lengths": {
    "0": [],
    "1": [],
    "2": []
  },
  "loss_history": [
    316.17559814453125,
    418.9949035644531,
    437.6159973144531,
    363.214111328125,
    400.93499755859375,
    280.2056884765625,
    373.5196838378906,
    271.59320068359375,
    275.2349853515625,
    203.26181030273438,
    237.52828979492188,
    181.99119567871094,
    236.97341918945312,
    300.9930725097656,
    150.00588989257812,
    203.26919555664062,
    259.6640319824219,
    81.08858489990234,
    175.7880096435547
  ],
  "epsilon_history": [],
  "q_value_stats": [],
  "gaze_trajectories": [],
  "action_distributions": {
    "0": 35,
    "1": 0,
    "2": 0,
    "3": 0,
    "4": 0,
    "5": 0,
    "6": 0,
    "7": 0,
    "8": 0,
    "9": 0,
    "10": 0,
    "11": 0,
    "12": 0,
    "13": 0,
    "14": 0,
    "15": 0,
    "16": 0,
    "17": 0,
    "18": 0,
    "19": 0,
    "20": 0,
    "21": 7,
    "22": 0,
    "23": 0,
    "24": 0,
    "25": 0,
    "26": 3,
    "27": 0,
    "28": 0,
    "29": 0,
    "30": 1,
    "31": 0,
    "32": 0,
    "33": 0,
    "34": 0,
    "35": 0,
    "36": 0,
    "37": 0,
    "38": 0,
    "39": 0,
    "40": 0,
    "41": 0,
    "42": 0,
    "43": 0,
    "44": 2,
    "45": 0,
    "46": 0,
    "47": 0,
    "48": 0,
    "49": 0,
    "50": 0,
    "51": 0,
    "52": 0,
    "53": 0,
    "54": 0,
    "55": 0,
    "56": 0,
    "57": 0,
    "58": 0,
    "59": 0,
    "60": 0,
    "61": 0,
    "62": 0,
    "63": 0,
    "64": 0,
    "65": 0,
    "66": 0,
    "67": 0,
    "68": 0,
    "69": 0,
    "70": 0,
    "71": 0,
    "72": 0,
    "73": 0,
    "74": 0,
    "75": 0,
    "76": 0,
    "77": 0,
    "78": 2,
    "79": 0,
    "80": 0
  },
  "training_config": {
    "learning_rate": 0.001,
    "discount_factor": 0.95,
    "epsilon": 1.0,
    "epsilon_decay": 0.995,
    "epsilon_min": 0.1,
    "memory_size": 10000,
    "batch_size": 32,
    "target_update_freq": 100,
    "network_hidden_sizes": [
      128,
      128,
      64
    ],
    "max_episode_steps": 50,
    "camera_id": 2,
    "goal_names": [
      "Low",
      "Medium",
      "High"
    ],
    "gaze_ranges": {
      "0": [
        0,
        33
      ],
      "1": [
        34,
        66
      ],
      "2": [
        67,
        100
      ]
    }
  },
  "timestamps": []
}