{
  "episode_rewards": {
    "0": [],
    "1": [],
    "2": []
  },
  "success_rates": {
    "0": [],
    "1": [],
    "2": []
  },
  "episode_lengths": {
    "0": [],
    "1": [],
    "2": []
  },
  "loss_history": [
    1554617.5,
    1283325.0,
    1310317.5,
    1533104.125,
    787867.5625,
    490701.90625,
    1210041.375,
    1102031.125,
    926293.1875,
    676046.3125,
    563081.375,
    1191078.125,
    608075.375,
    805480.0625,
    582156.625,
    412929.3125,
    851658.5,
    802992.6875,
    413923.21875
  ],
  "epsilon_history": [],
  "q_value_stats": [],
  "gaze_trajectories": [],
  "action_distributions": {
    "0": 0,
    "1": 0,
    "2": 0,
    "3": 0,
    "4": 0,
    "5": 0,
    "6": 0,
    "7": 0,
    "8": 0,
    "9": 0,
    "10": 0,
    "11": 4,
    "12": 1,
    "13": 0,
    "14": 1,
    "15": 0,
    "16": 0,
    "17": 0,
    "18": 2,
    "19": 0,
    "20": 0,
    "21": 0,
    "22": 1,
    "23": 2,
    "24": 0,
    "25": 0,
    "26": 0,
    "27": 0,
    "28": 0,
    "29": 0,
    "30": 0,
    "31": 3,
    "32": 0,
    "33": 0,
    "34": 0,
    "35": 0,
    "36": 1,
    "37": 1,
    "38": 0,
    "39": 0,
    "40": 0,
    "41": 10,
    "42": 0,
    "43": 0,
    "44": 1,
    "45": 0,
    "46": 0,
    "47": 0,
    "48": 0,
    "49": 1,
    "50": 0,
    "51": 0,
    "52": 0,
    "53": 0,
    "54": 0,
    "55": 1,
    "56": 0,
    "57": 3,
    "58": 0,
    "59": 11,
    "60": 0,
    "61": 0,
    "62": 1,
    "63": 0,
    "64": 0,
    "65": 0,
    "66": 0,
    "67": 0,
    "68": 4,
    "69": 0,
    "70": 0,
    "71": 0,
    "72": 0,
    "73": 0,
    "74": 0,
    "75": 0,
    "76": 0,
    "77": 1,
    "78": 1,
    "79": 0,
    "80": 0
  },
  "training_config": {
    "learning_rate": 0.001,
    "discount_factor": 0.95,
    "epsilon": 1.0,
    "epsilon_decay": 0.995,
    "epsilon_min": 0.1,
    "memory_size": 10000,
    "batch_size": 32,
    "target_update_freq": 100,
    "network_hidden_sizes": [
      128,
      128,
      64
    ],
    "max_episode_steps": 50,
    "camera_id": 2,
    "goal_names": [
      "Low",
      "Medium",
      "High"
    ],
    "gaze_ranges": {
      "0": [
        0,
        33
      ],
      "1": [
        34,
        66
      ],
      "2": [
        67,
        100
      ]
    }
  },
  "timestamps": []
}