{
  "episode_rewards": {
    "0": [],
    "1": [],
    "2": []
  },
  "success_rates": {
    "0": [],
    "1": [],
    "2": []
  },
  "episode_lengths": {
    "0": [],
    "1": [],
    "2": []
  },
  "loss_history": [
    16272.228515625,
    14005.3974609375,
    13872.462890625,
    15062.8232421875,
    14337.0400390625,
    13152.77734375,
    7067.53515625,
    10155.5400390625,
    12763.470703125,
    9832.814453125,
    6297.95263671875,
    7172.68603515625,
    3572.71630859375,
    6510.091796875,
    6564.4794921875,
    5012.06787109375,
    5107.40576171875,
    4196.3837890625,
    6249.33984375,
    5714.2392578125,
    2906.75634765625,
    3552.83544921875,
    3632.733642578125,
    2705.39208984375,
    3338.60888671875,
    3607.0537109375,
    3424.942138671875,
    1702.3857421875,
    2288.988037109375,
    1819.507568359375,
    1441.730712890625,
    2821.117919921875,
    1123.608154296875,
    1906.5113525390625,
    1608.0068359375,
    2621.896728515625,
    1262.57861328125,
    1698.90234375,
    1601.31591796875,
    1723.3868408203125,
    1286.789306640625,
    1334.342041015625,
    1643.268310546875,
    848.47314453125,
    1386.367919921875,
    819.4041137695312,
    1138.8184814453125,
    1235.224609375,
    1163.735107421875,
    1612.794921875,
    984.768798828125,
    1108.5400390625,
    830.6551513671875,
    582.5284423828125,
    1011.1718139648438,
    564.9458618164062,
    1331.585205078125,
    711.943603515625,
    994.6116943359375,
    798.8091430664062,
    968.0166625976562,
    875.9199829101562,
    813.016845703125,
    824.9542236328125,
    1214.052978515625,
    779.6304321289062,
    713.9423217773438,
    877.0239868164062,
    1307.8682861328125
  ],
  "epsilon_history": [],
  "q_value_stats": [],
  "gaze_trajectories": [],
  "action_distributions": {
    "0": 23,
    "1": 0,
    "2": 0,
    "3": 0,
    "4": 0,
    "5": 0,
    "6": 0,
    "7": 0,
    "8": 0,
    "9": 37,
    "10": 0,
    "11": 0,
    "12": 0,
    "13": 0,
    "14": 0,
    "15": 0,
    "16": 0,
    "17": 0,
    "18": 0,
    "19": 0,
    "20": 0,
    "21": 0,
    "22": 0,
    "23": 0,
    "24": 0,
    "25": 0,
    "26": 0,
    "27": 0,
    "28": 0,
    "29": 0,
    "30": 0,
    "31": 0,
    "32": 0,
    "33": 0,
    "34": 0,
    "35": 0,
    "36": 0,
    "37": 0,
    "38": 0,
    "39": 0,
    "40": 40,
    "41": 0,
    "42": 0,
    "43": 0,
    "44": 0,
    "45": 0,
    "46": 0,
    "47": 0,
    "48": 0,
    "49": 0,
    "50": 0,
    "51": 0,
    "52": 0,
    "53": 0,
    "54": 0,
    "55": 0,
    "56": 0,
    "57": 0,
    "58": 0,
    "59": 0,
    "60": 0,
    "61": 0,
    "62": 0,
    "63": 0,
    "64": 0,
    "65": 0,
    "66": 0,
    "67": 0,
    "68": 0,
    "69": 0,
    "70": 0,
    "71": 0,
    "72": 0,
    "73": 0,
    "74": 0,
    "75": 0,
    "76": 0,
    "77": 0,
    "78": 0,
    "79": 0,
    "80": 0
  },
  "training_config": {
    "learning_rate": 0.001,
    "discount_factor": 0.95,
    "epsilon": 1.0,
    "epsilon_decay": 0.995,
    "epsilon_min": 0.1,
    "memory_size": 10000,
    "batch_size": 32,
    "target_update_freq": 100,
    "network_hidden_sizes": [
      128,
      128,
      64
    ],
    "max_episode_steps": 50,
    "camera_id": 2,
    "goal_names": [
      "Low",
      "Medium",
      "High"
    ],
    "gaze_ranges": {
      "0": [
        0,
        33
      ],
      "1": [
        34,
        66
      ],
      "2": [
        67,
        100
      ]
    }
  },
  "timestamps": []
}