{
  "episode_rewards": {
    "0": [],
    "1": [],
    "2": []
  },
  "success_rates": {
    "0": [],
    "1": [],
    "2": []
  },
  "episode_lengths": {
    "0": [],
    "1": [],
    "2": []
  },
  "loss_history": [
    1978.546875,
    2253.661865234375,
    2089.80419921875,
    2052.52978515625,
    2570.79931640625,
    2176.212158203125,
    1931.8902587890625,
    1590.3822021484375,
    1977.59375,
    1889.6124267578125,
    2002.14111328125,
    2043.396484375,
    2803.2392578125,
    2197.3310546875,
    3623.91357421875,
    2753.45556640625,
    3691.006103515625,
    2425.08740234375,
    2574.147705078125,
    2731.01025390625,
    2262.06201171875,
    2530.821044921875,
    2403.06884765625,
    3293.30517578125,
    2089.8720703125,
    3060.584228515625,
    3302.62841796875,
    1719.656494140625,
    3220.89208984375,
    2663.14013671875,
    3190.37158203125,
    2436.19970703125,
    5619.57080078125,
    4861.27490234375,
    3789.8193359375,
    5311.01171875,
    5544.908203125,
    4504.8818359375,
    3537.270751953125,
    5432.47314453125,
    5442.62353515625,
    2177.478271484375,
    6290.87060546875,
    3289.088134765625,
    3433.97607421875,
    3940.65576171875,
    3892.14794921875,
    5161.41015625,
    5163.8671875,
    2469.888916015625,
    5428.3623046875,
    6907.17236328125,
    9510.4794921875,
    6329.140625,
    4958.05517578125,
    8176.3896484375,
    7932.919921875,
    5914.998046875,
    8422.419921875,
    11431.96875,
    5650.18505859375,
    4905.83984375,
    4164.505859375,
    6180.537109375,
    5148.189453125,
    6799.181640625,
    6994.94287109375,
    10570.916015625,
    8664.400390625
  ],
  "epsilon_history": [],
  "q_value_stats": [],
  "gaze_trajectories": [],
  "action_distributions": {
    "0": 0,
    "1": 0,
    "2": 0,
    "3": 0,
    "4": 0,
    "5": 0,
    "6": 0,
    "7": 0,
    "8": 0,
    "9": 0,
    "10": 0,
    "11": 0,
    "12": 0,
    "13": 0,
    "14": 0,
    "15": 0,
    "16": 0,
    "17": 0,
    "18": 0,
    "19": 0,
    "20": 0,
    "21": 0,
    "22": 0,
    "23": 0,
    "24": 0,
    "25": 0,
    "26": 0,
    "27": 0,
    "28": 0,
    "29": 0,
    "30": 0,
    "31": 0,
    "32": 0,
    "33": 0,
    "34": 0,
    "35": 0,
    "36": 0,
    "37": 0,
    "38": 0,
    "39": 0,
    "40": 100,
    "41": 0,
    "42": 0,
    "43": 0,
    "44": 0,
    "45": 0,
    "46": 0,
    "47": 0,
    "48": 0,
    "49": 0,
    "50": 0,
    "51": 0,
    "52": 0,
    "53": 0,
    "54": 0,
    "55": 0,
    "56": 0,
    "57": 0,
    "58": 0,
    "59": 0,
    "60": 0,
    "61": 0,
    "62": 0,
    "63": 0,
    "64": 0,
    "65": 0,
    "66": 0,
    "67": 0,
    "68": 0,
    "69": 0,
    "70": 0,
    "71": 0,
    "72": 0,
    "73": 0,
    "74": 0,
    "75": 0,
    "76": 0,
    "77": 0,
    "78": 0,
    "79": 0,
    "80": 0
  },
  "training_config": {
    "learning_rate": 0.001,
    "discount_factor": 0.95,
    "epsilon": 1.0,
    "epsilon_decay": 0.995,
    "epsilon_min": 0.1,
    "memory_size": 10000,
    "batch_size": 32,
    "target_update_freq": 100,
    "network_hidden_sizes": [
      128,
      128,
      64
    ],
    "max_episode_steps": 50,
    "camera_id": 2,
    "goal_names": [
      "Low",
      "Medium",
      "High"
    ],
    "gaze_ranges": {
      "0": [
        0,
        33
      ],
      "1": [
        34,
        66
      ],
      "2": [
        67,
        100
      ]
    }
  },
  "timestamps": []
}