{
  "episode_rewards": {
    "0": [],
    "1": [],
    "2": []
  },
  "success_rates": {
    "0": [],
    "1": [],
    "2": []
  },
  "episode_lengths": {
    "0": [],
    "1": [],
    "2": []
  },
  "loss_history": [
    2502.978515625,
    2500.09228515625,
    2499.209716796875,
    2497.769775390625,
    2498.82666015625,
    2498.05810546875,
    2498.34130859375,
    2498.8779296875,
    2499.04833984375,
    2498.07080078125,
    2495.20947265625,
    2491.98828125,
    2493.603271484375,
    2498.2353515625,
    2496.10791015625,
    2490.885986328125,
    2493.9892578125,
    2489.85205078125,
    2486.39599609375,
    2498.13427734375,
    2482.439208984375,
    2484.160400390625,
    2494.64599609375,
    2478.862060546875,
    2480.03564453125,
    2481.73193359375,
    2475.082763671875,
    2462.89111328125,
    2472.744873046875,
    2487.212890625,
    2469.257568359375,
    2473.251953125,
    2495.804931640625,
    2483.27392578125,
    2470.70947265625,
    2466.283447265625,
    2468.006591796875,
    2471.77978515625,
    2444.84033203125,
    2445.691162109375,
    2467.625,
    2438.056640625,
    2423.907958984375,
    2502.622802734375,
    2410.661865234375,
    2425.95703125,
    2476.958984375,
    2428.741455078125,
    2394.782958984375,
    2439.579833984375,
    2420.9599609375,
    2441.08203125,
    2468.8779296875,
    2393.84814453125,
    2411.135986328125,
    2461.00341796875,
    2401.859375,
    2365.918212890625,
    2402.63232421875,
    2396.50634765625,
    2389.866943359375,
    2424.5712890625,
    2281.145263671875,
    2343.78466796875,
    2294.382080078125,
    2261.655029296875,
    2413.376708984375,
    2323.61279296875,
    2194.576171875
  ],
  "epsilon_history": [],
  "q_value_stats": [],
  "gaze_trajectories": [],
  "action_distributions": {
    "0": 0,
    "1": 0,
    "2": 0,
    "3": 0,
    "4": 0,
    "5": 0,
    "6": 0,
    "7": 0,
    "8": 0,
    "9": 0,
    "10": 0,
    "11": 0,
    "12": 0,
    "13": 0,
    "14": 0,
    "15": 0,
    "16": 0,
    "17": 0,
    "18": 0,
    "19": 0,
    "20": 0,
    "21": 0,
    "22": 0,
    "23": 0,
    "24": 0,
    "25": 0,
    "26": 0,
    "27": 0,
    "28": 0,
    "29": 0,
    "30": 0,
    "31": 0,
    "32": 0,
    "33": 0,
    "34": 0,
    "35": 0,
    "36": 0,
    "37": 0,
    "38": 0,
    "39": 0,
    "40": 100,
    "41": 0,
    "42": 0,
    "43": 0,
    "44": 0,
    "45": 0,
    "46": 0,
    "47": 0,
    "48": 0,
    "49": 0,
    "50": 0,
    "51": 0,
    "52": 0,
    "53": 0,
    "54": 0,
    "55": 0,
    "56": 0,
    "57": 0,
    "58": 0,
    "59": 0,
    "60": 0,
    "61": 0,
    "62": 0,
    "63": 0,
    "64": 0,
    "65": 0,
    "66": 0,
    "67": 0,
    "68": 0,
    "69": 0,
    "70": 0,
    "71": 0,
    "72": 0,
    "73": 0,
    "74": 0,
    "75": 0,
    "76": 0,
    "77": 0,
    "78": 0,
    "79": 0,
    "80": 0
  },
  "training_config": {
    "learning_rate": 0.001,
    "discount_factor": 0.95,
    "epsilon": 1.0,
    "epsilon_decay": 0.995,
    "epsilon_min": 0.1,
    "memory_size": 10000,
    "batch_size": 32,
    "target_update_freq": 100,
    "network_hidden_sizes": [
      128,
      128,
      64
    ],
    "max_episode_steps": 50,
    "camera_id": 2,
    "goal_names": [
      "Low",
      "Medium",
      "High"
    ],
    "gaze_ranges": {
      "0": [
        0,
        33
      ],
      "1": [
        34,
        66
      ],
      "2": [
        67,
        100
      ]
    }
  },
  "timestamps": []
}