{
  "episode_rewards": {
    "0": [],
    "1": [],
    "2": []
  },
  "success_rates": {
    "0": [],
    "1": [],
    "2": []
  },
  "episode_lengths": {
    "0": [],
    "1": [],
    "2": []
  },
  "loss_history": [
    66719.7421875,
    58418.59765625,
    63293.5703125,
    65298.47265625,
    57366.5546875,
    47537.93359375,
    42271.3359375,
    35927.2578125,
    38530.16796875,
    48791.38671875,
    29515.984375,
    41783.27734375,
    34650.484375,
    35174.6171875,
    37753.28515625,
    36279.9921875,
    43457.41796875,
    32711.42578125,
    27996.427734375,
    27543.7421875,
    21479.060546875,
    27792.32421875,
    17021.92578125,
    21138.21875,
    18223.47265625,
    29398.880859375,
    17814.587890625,
    19619.81640625,
    14443.0390625,
    18148.048828125,
    26321.193359375,
    20609.349609375,
    14948.3662109375,
    15567.3095703125,
    25374.2890625,
    13447.228515625,
    10867.5693359375,
    12010.92578125,
    13641.8642578125,
    11611.125,
    14056.4228515625,
    11018.408203125,
    9116.4951171875,
    12344.7236328125,
    8391.646484375,
    11983.9794921875,
    15141.8046875,
    14593.1904296875,
    11399.0439453125,
    6129.046875,
    12044.9794921875,
    12864.0595703125,
    10556.4482421875,
    9054.525390625,
    8022.86181640625,
    4510.24560546875,
    10936.5849609375,
    9805.5234375,
    6639.234375,
    4440.015625,
    6380.54638671875,
    7025.919921875,
    8858.59375,
    6236.40380859375,
    6413.4951171875,
    3864.333984375,
    4058.608642578125,
    8666.8505859375,
    6436.7255859375
  ],
  "epsilon_history": [],
  "q_value_stats": [],
  "gaze_trajectories": [],
  "action_distributions": {
    "0": 0,
    "1": 0,
    "2": 0,
    "3": 0,
    "4": 0,
    "5": 0,
    "6": 0,
    "7": 0,
    "8": 0,
    "9": 37,
    "10": 0,
    "11": 0,
    "12": 0,
    "13": 0,
    "14": 0,
    "15": 0,
    "16": 0,
    "17": 0,
    "18": 0,
    "19": 0,
    "20": 0,
    "21": 0,
    "22": 0,
    "23": 0,
    "24": 0,
    "25": 0,
    "26": 0,
    "27": 0,
    "28": 0,
    "29": 0,
    "30": 0,
    "31": 0,
    "32": 0,
    "33": 0,
    "34": 0,
    "35": 0,
    "36": 0,
    "37": 0,
    "38": 0,
    "39": 0,
    "40": 63,
    "41": 0,
    "42": 0,
    "43": 0,
    "44": 0,
    "45": 0,
    "46": 0,
    "47": 0,
    "48": 0,
    "49": 0,
    "50": 0,
    "51": 0,
    "52": 0,
    "53": 0,
    "54": 0,
    "55": 0,
    "56": 0,
    "57": 0,
    "58": 0,
    "59": 0,
    "60": 0,
    "61": 0,
    "62": 0,
    "63": 0,
    "64": 0,
    "65": 0,
    "66": 0,
    "67": 0,
    "68": 0,
    "69": 0,
    "70": 0,
    "71": 0,
    "72": 0,
    "73": 0,
    "74": 0,
    "75": 0,
    "76": 0,
    "77": 0,
    "78": 0,
    "79": 0,
    "80": 0
  },
  "training_config": {
    "learning_rate": 0.001,
    "discount_factor": 0.95,
    "epsilon": 1.0,
    "epsilon_decay": 0.995,
    "epsilon_min": 0.1,
    "memory_size": 10000,
    "batch_size": 32,
    "target_update_freq": 100,
    "network_hidden_sizes": [
      128,
      128,
      64
    ],
    "max_episode_steps": 50,
    "camera_id": 2,
    "goal_names": [
      "Low",
      "Medium",
      "High"
    ],
    "gaze_ranges": {
      "0": [
        0,
        33
      ],
      "1": [
        34,
        66
      ],
      "2": [
        67,
        100
      ]
    }
  },
  "timestamps": []
}