{
  "episode_rewards": {
    "0": [],
    "1": [],
    "2": []
  },
  "success_rates": {
    "0": [],
    "1": [],
    "2": []
  },
  "episode_lengths": {
    "0": [],
    "1": [],
    "2": []
  },
  "loss_history": [
    133972.90625,
    192855.8125,
    376198.78125,
    196284.53125,
    221756.109375,
    167768.71875,
    236483.15625,
    254814.15625,
    350108.28125,
    181499.015625,
    167329.125,
    233493.46875,
    290798.40625,
    224890.09375,
    246698.453125,
    190184.40625,
    150541.984375,
    169042.40625,
    268926.84375,
    210558.421875,
    277545.90625,
    191899.9375,
    221130.703125,
    211752.5,
    185556.234375,
    201838.453125,
    271698.5,
    293750.9375,
    256944.6875,
    289338.8125,
    187848.59375,
    274775.53125,
    248777.34375,
    234151.859375,
    175963.78125,
    261206.265625,
    188072.234375,
    208308.375,
    136774.109375,
    154015.390625,
    193746.34375,
    209681.796875,
    140941.828125,
    307711.375,
    222483.28125,
    244123.859375,
    176615.25,
    229880.25,
    172093.015625,
    265666.5,
    195410.046875,
    193093.5,
    200929.171875,
    137083.90625,
    149182.640625,
    279469.21875,
    246020.5625,
    217612.609375,
    186978.890625,
    163322.09375,
    234898.765625,
    193784.234375,
    182567.625,
    168833.6875,
    161558.53125,
    175011.8125,
    269299.25,
    273741.5,
    185413.6875
  ],
  "epsilon_history": [],
  "q_value_stats": [],
  "gaze_trajectories": [],
  "action_distributions": {
    "0": 1,
    "1": 2,
    "2": 9,
    "3": 0,
    "4": 0,
    "5": 0,
    "6": 0,
    "7": 0,
    "8": 0,
    "9": 0,
    "10": 0,
    "11": 0,
    "12": 15,
    "13": 0,
    "14": 0,
    "15": 0,
    "16": 0,
    "17": 5,
    "18": 1,
    "19": 4,
    "20": 2,
    "21": 3,
    "22": 3,
    "23": 8,
    "24": 7,
    "25": 0,
    "26": 0,
    "27": 0,
    "28": 0,
    "29": 0,
    "30": 0,
    "31": 4,
    "32": 0,
    "33": 0,
    "34": 1,
    "35": 4,
    "36": 0,
    "37": 0,
    "38": 0,
    "39": 1,
    "40": 5,
    "41": 2,
    "42": 0,
    "43": 0,
    "44": 0,
    "45": 0,
    "46": 0,
    "47": 0,
    "48": 0,
    "49": 0,
    "50": 1,
    "51": 0,
    "52": 0,
    "53": 0,
    "54": 0,
    "55": 0,
    "56": 0,
    "57": 0,
    "58": 1,
    "59": 2,
    "60": 4,
    "61": 0,
    "62": 0,
    "63": 1,
    "64": 0,
    "65": 0,
    "66": 0,
    "67": 0,
    "68": 9,
    "69": 0,
    "70": 0,
    "71": 2,
    "72": 0,
    "73": 0,
    "74": 0,
    "75": 0,
    "76": 2,
    "77": 0,
    "78": 1,
    "79": 0,
    "80": 0
  },
  "training_config": {
    "learning_rate": 0.001,
    "discount_factor": 0.95,
    "epsilon": 1.0,
    "epsilon_decay": 0.995,
    "epsilon_min": 0.1,
    "memory_size": 10000,
    "batch_size": 32,
    "target_update_freq": 100,
    "network_hidden_sizes": [
      128,
      128,
      64
    ],
    "max_episode_steps": 50,
    "camera_id": 2,
    "goal_names": [
      "Low",
      "Medium",
      "High"
    ],
    "gaze_ranges": {
      "0": [
        0,
        33
      ],
      "1": [
        34,
        66
      ],
      "2": [
        67,
        100
      ]
    }
  },
  "timestamps": []
}