{
  "episode_rewards": {
    "0": [],
    "1": [],
    "2": []
  },
  "success_rates": {
    "0": [],
    "1": [],
    "2": []
  },
  "episode_lengths": {
    "0": [],
    "1": [],
    "2": []
  },
  "loss_history": [
    477031.625,
    500022.6875,
    386760.375,
    556053.375,
    379301.0,
    247726.609375,
    448658.15625,
    310659.59375,
    340352.9375,
    352001.71875,
    447335.40625,
    360770.75,
    298788.25,
    351255.59375,
    295216.78125,
    437220.625,
    349920.125,
    407738.96875,
    330726.59375,
    255415.203125,
    349286.90625,
    278302.8125,
    286755.375,
    403085.3125,
    405897.46875,
    279820.75,
    312388.90625,
    442713.09375,
    377753.0,
    256681.28125,
    389380.1875,
    295348.6875,
    332088.5625,
    344434.375,
    411043.3125,
    363151.875,
    338815.5625,
    408729.4375,
    344820.5,
    306108.46875,
    291949.96875,
    440837.40625,
    385380.25,
    421261.84375,
    367043.0625,
    328457.375,
    286860.46875,
    352882.71875,
    564302.0,
    308828.5,
    311873.65625,
    317177.6875,
    389843.46875,
    305339.28125,
    257516.5625,
    433006.5625,
    219647.84375,
    460154.6875,
    313810.25,
    388165.65625,
    395024.6875,
    357982.96875,
    318518.59375,
    243533.4375,
    262034.875,
    330089.53125,
    361890.09375,
    334878.8125,
    286835.75
  ],
  "epsilon_history": [],
  "q_value_stats": [],
  "gaze_trajectories": [],
  "action_distributions": {
    "0": 1,
    "1": 0,
    "2": 0,
    "3": 0,
    "4": 12,
    "5": 1,
    "6": 0,
    "7": 0,
    "8": 0,
    "9": 1,
    "10": 1,
    "11": 7,
    "12": 0,
    "13": 0,
    "14": 1,
    "15": 4,
    "16": 1,
    "17": 0,
    "18": 9,
    "19": 1,
    "20": 0,
    "21": 1,
    "22": 0,
    "23": 0,
    "24": 0,
    "25": 0,
    "26": 0,
    "27": 1,
    "28": 5,
    "29": 2,
    "30": 0,
    "31": 0,
    "32": 2,
    "33": 0,
    "34": 2,
    "35": 0,
    "36": 0,
    "37": 1,
    "38": 1,
    "39": 0,
    "40": 0,
    "41": 3,
    "42": 0,
    "43": 0,
    "44": 0,
    "45": 0,
    "46": 0,
    "47": 0,
    "48": 0,
    "49": 0,
    "50": 0,
    "51": 0,
    "52": 6,
    "53": 14,
    "54": 0,
    "55": 3,
    "56": 0,
    "57": 3,
    "58": 0,
    "59": 1,
    "60": 0,
    "61": 0,
    "62": 0,
    "63": 1,
    "64": 0,
    "65": 0,
    "66": 0,
    "67": 2,
    "68": 4,
    "69": 0,
    "70": 0,
    "71": 0,
    "72": 0,
    "73": 6,
    "74": 0,
    "75": 0,
    "76": 0,
    "77": 1,
    "78": 2,
    "79": 0,
    "80": 0
  },
  "training_config": {
    "learning_rate": 0.001,
    "discount_factor": 0.95,
    "epsilon": 1.0,
    "epsilon_decay": 0.995,
    "epsilon_min": 0.1,
    "memory_size": 10000,
    "batch_size": 32,
    "target_update_freq": 100,
    "network_hidden_sizes": [
      128,
      128,
      64
    ],
    "max_episode_steps": 50,
    "camera_id": 2,
    "goal_names": [
      "Low",
      "Medium",
      "High"
    ],
    "gaze_ranges": {
      "0": [
        0,
        33
      ],
      "1": [
        34,
        66
      ],
      "2": [
        67,
        100
      ]
    }
  },
  "timestamps": []
}