{
  "episode_rewards": {
    "0": [],
    "1": [],
    "2": []
  },
  "success_rates": {
    "0": [],
    "1": [],
    "2": []
  },
  "episode_lengths": {
    "0": [],
    "1": [],
    "2": []
  },
  "loss_history": [
    368171.3125,
    386042.5,
    422294.15625,
    355159.46875,
    348723.21875,
    310096.0,
    268519.59375,
    383219.125,
    345046.6875,
    306640.875,
    356631.4375,
    308198.78125,
    388018.40625,
    262272.84375,
    283849.21875,
    414937.75,
    336310.9375,
    303484.4375,
    484092.1875,
    526697.5625,
    323133.4375,
    351426.78125,
    363289.75,
    412122.53125,
    410780.375,
    499540.75,
    484719.125,
    444420.4375,
    228910.25,
    284597.90625,
    233305.09375,
    360067.6875,
    372663.34375,
    187880.84375,
    348533.625,
    312849.90625,
    247273.03125,
    358161.28125,
    462855.53125,
    257043.71875,
    172716.34375,
    349837.1875,
    351537.5,
    479068.25,
    300899.6875,
    329509.8125,
    391926.28125,
    242522.703125,
    365335.5625,
    272646.5,
    368839.5,
    656416.4375,
    476062.03125,
    331313.65625,
    278242.9375,
    422200.375,
    316501.25,
    313788.125,
    290230.9375,
    295997.4375,
    504601.3125,
    405838.1875,
    384124.375,
    288039.75,
    349899.09375,
    268283.28125,
    352654.25,
    396313.5,
    370884.0625
  ],
  "epsilon_history": [],
  "q_value_stats": [],
  "gaze_trajectories": [],
  "action_distributions": {
    "0": 7,
    "1": 0,
    "2": 0,
    "3": 0,
    "4": 2,
    "5": 0,
    "6": 1,
    "7": 0,
    "8": 0,
    "9": 5,
    "10": 0,
    "11": 3,
    "12": 1,
    "13": 0,
    "14": 0,
    "15": 0,
    "16": 0,
    "17": 0,
    "18": 4,
    "19": 6,
    "20": 0,
    "21": 0,
    "22": 0,
    "23": 1,
    "24": 0,
    "25": 0,
    "26": 2,
    "27": 4,
    "28": 1,
    "29": 0,
    "30": 10,
    "31": 0,
    "32": 0,
    "33": 0,
    "34": 0,
    "35": 0,
    "36": 0,
    "37": 2,
    "38": 1,
    "39": 0,
    "40": 1,
    "41": 0,
    "42": 0,
    "43": 19,
    "44": 0,
    "45": 0,
    "46": 0,
    "47": 0,
    "48": 3,
    "49": 0,
    "50": 0,
    "51": 0,
    "52": 0,
    "53": 1,
    "54": 0,
    "55": 1,
    "56": 0,
    "57": 8,
    "58": 0,
    "59": 1,
    "60": 0,
    "61": 0,
    "62": 0,
    "63": 0,
    "64": 0,
    "65": 0,
    "66": 0,
    "67": 8,
    "68": 0,
    "69": 0,
    "70": 6,
    "71": 0,
    "72": 0,
    "73": 0,
    "74": 0,
    "75": 0,
    "76": 0,
    "77": 1,
    "78": 0,
    "79": 1,
    "80": 0
  },
  "training_config": {
    "learning_rate": 0.001,
    "discount_factor": 0.95,
    "epsilon": 1.0,
    "epsilon_decay": 0.995,
    "epsilon_min": 0.1,
    "memory_size": 10000,
    "batch_size": 32,
    "target_update_freq": 100,
    "network_hidden_sizes": [
      128,
      128,
      64
    ],
    "max_episode_steps": 50,
    "camera_id": 2,
    "goal_names": [
      "Low",
      "Medium",
      "High"
    ],
    "gaze_ranges": {
      "0": [
        0,
        33
      ],
      "1": [
        34,
        66
      ],
      "2": [
        67,
        100
      ]
    }
  },
  "timestamps": []
}